{
  "A&M-Corpus Christi": "#007ac1",
  "Abilene Christian": "#4f2683",
  "Air Force": "#2a3c98",
  "Akron": "#0f192b",
  "Alabama": "#b21c33",
  "Alabama A&M": "#5f1316",
  "Alabama St.": "#231f20",
  "Alcorn": "#654685",
  "App State": "#ffffff",
  "Arizona": "#ffffff",
  "Arizona St.": "#cc002c",
  "Ark.-Pine Bluff": "#eeb310",
  "Arkansas": "#b21c33",
  "Arkansas St.": "#231f20",
  "Army West Point": "#1a191a",
  "Auburn": "#0c2950",
  "Austin Peay": "#000000",
  "BYU": "#002d64",
  "Ball St.": "#231f20",
  "Baylor": "#0c4731",
  "Bellarmine": "#ffffff",
  "Belmont": "#0d2c6b",
  "Bethune-Cookman": "#6e1d39",
  "Binghamton": "#020201",
  "Boston College": "#8e0a26",
  "Bowling Green": "#441e03",
  "Bradley": "#ffffff",
  "Brown": "#423228",
  "Bryant": "#231f20",
  "Bucknell": "#274d87",
  "Butler": "#ffffff",
  "CSU Bakersfield": "#1e59ae",
  "CSUN": "#bb2531",
  "Cal Poly": "#f4db8a",
  "Cal St. Fullerton": "#00263a",
  "California": "#ffc911",
  "California Baptist": "#171f3b",
  "Campbell": "#ff4404",
  "Canisius": "#0c2950",
  "Central Ark.": "#231f20",
  "Central Conn. St.": "#1c4f9c",
  "Central Mich.": "#4a071c",
  "Charleston So.": "#0b0b09",
  "Charlotte": "#124d39",
  "Cincinnati": "#1a0f09",
  "Clemson": "#ff6400",
  "Coastal Carolina": "#017682",
  "Col. of Charleston": "#881211",
  "Columbia": "#114781",
  "Coppin St.": "#0c3354",
  "Cornell": "#b32025",
  "Creighton": "#112552",
  "DBU": "#161f27",
  "Dartmouth": "#005f2f",
  "Davidson": "#ec1c24",
  "Dayton": "#dd1a35",
  "Delaware": "#006095",
  "Delaware St.": "#231f20",
  "Duke": "#0051b1",
  "ETSU": "#fcca20",
  "East Carolina": "#100f0d",
  "Eastern Ill.": "#003399",
  "Eastern Ky.": "#860533",
  "Eastern Mich.": "#1f6632",
  "Elon": "#680a20",
  "Evansville": "#470a68",
  "FDU": "#28334a",
  "FGCU": "#ffffff",
  "FIU": "#091f3f",
  "Fairfield": "#e11535",
  "Fla. Atlantic": "#00447c",
  "Florida": "#003095",
  "Florida A&M": "#1f1c1c",
  "Florida St.": "#7e2a3e",
  "Fordham": "#ffffff",
  "Fresno St.": "#f2002f",
  "Ga. Southern": "#15356f",
  "Gardner-Webb": "#1c201e",
  "George Mason": "#1a5632",
  "George Washington": "#e7d393",
  "Georgetown": "#141f35",
  "Georgia": "#231f20",
  "Georgia St.": "#0039a6",
  "Georgia Tech": "#aea057",
  "Gonzaga": "#c3c7cd",
  "Grambling": "#000000",
  "Grand Canyon": "#623493",
  "Harvard": "#912235",
  "Hawaii": "#1b4f31",
  "High Point": "#302a83",
  "Hofstra": "#ffc62f",
  "Holy Cross": "#642c91",
  "Houston": "#e51636",
  "Houston Christian": "#002f87",
  "Illinois": "#f15a22",
  "Illinois St.": "#231f20",
  "Indiana": "#970310",
  "Indiana St.": "#0035af",
  "Iona": "#6b2439",
  "Iowa": "#000000",
  "Jackson St.": "#152238",
  "Jacksonville": "#0f433a",
  "Jacksonville St.": "#e30529",
  "James Madison": "#aea057",
  "Kansas": "#006bcd",
  "Kansas St.": "#35055e",
  "Kennesaw St.": "#231f20",
  "Kent St.": "#003876",
  "Kentucky": "#0033b1",
  "LIU": "#68a8d0",
  "LMU (CA)": "#ab0c2f",
  "LSU": "#5b268b",
  "Lafayette": "#231f20",
  "Lamar University": "#ffffff",
  "Lehigh": "#5b2d05",
  "Liberty": "#1a2749",
  "Lipscomb": "#fab20b",
  "Little Rock": "#7b223d",
  "Long Beach St.": "#000000",
  "Longwood": "#15213b",
  "Louisiana": "#ffffff",
  "Louisiana Tech": "#004f9e",
  "Louisville": "#d6002f",
  "Maine": "#1a1919",
  "Manhattan": "#006838",
  "Marist": "#e51636",
  "Marshall": "#231f20",
  "Maryland": "#e51635",
  "Massachusetts": "#fffffe",
  "McNeese": "#ffd100",
  "Memphis": "#173b70",
  "Mercer": "#f26222",
  "Merrimack": "#0b335e",
  "Miami (FL)": "#ff7213",
  "Miami (OH)": "#231f20",
  "Michigan": "#fcd213",
  "Michigan St.": "#124430",
  "Middle Tenn.": "#006fab",
  "Milwaukee": "#231f20",
  "Minnesota": "#841c32",
  "Mississippi St.": "#5d1725",
  "Mississippi Val.": "#ffffff",
  "Missouri": "#f8ab0a",
  "Missouri St.": "#711f23",
  "Monmouth": "#15213b",
  "Morehead St.": "#101011",
  "Mount St. Mary's": "#192c4e",
  "Murray St.": "#062042",
  "N.C. A&T": "#154280",
  "NC State": "#e00a25",
  "NIU": "#231f20",
  "NJIT": "#021d49",
  "Navy": "#b1a46d",
  "Nebraska": "#dc1b32",
  "Nevada": "#182545",
  "New Mexico": "#000000",
  "New Mexico St.": "#231f20",
  "New Orleans": "#0a3255",
  "Niagara": "#231f20",
  "Nicholls": "#c4122e",
  "Norfolk St.": "#fff2a8",
  "North Ala.": "#592c82",
  "North Carolina": "#82afd8",
  "North Dakota St.": "#024d36",
  "North Florida": "#ffffff",
  "Northeastern": "#010101",
  "Northern Colo.": "#0f2b53",
  "Northern Ky.": "#231f20",
  "Northwestern": "#432c91",
  "Northwestern St.": "#ffffff",
  "Notre Dame": "#001346",
  "Oakland": "#231f20",
  "Ohio": "#154734",
  "Ohio St.": "#ffffff",
  "Oklahoma": "#a80c30",
  "Oklahoma St.": "#df4f2a",
  "Old Dominion": "#0b4071",
  "Ole Miss": "#e30d28",
  "Omaha": "#ffffff",
  "Oral Roberts": "#091f40",
  "Oregon": "#0c743d",
  "Oregon St.": "#f44000",
  "Pacific": "#000000",
  "Penn": "#ffffff",
  "Penn St.": "#0e2b58",
  "Pepperdine": "#1a3374",
  "Pittsburgh": "#003594",
  "Portland": "#2e2153",
  "Prairie View": "#000101",
  "Presbyterian": "#005394",
  "Princeton": "#f4731c",
  "Purdue": "#d0bc86",
  "Purdue Fort Wayne": "#231f20",
  "Quinnipiac": "#ffffff",
  "Radford": "#c31e25",
  "Rhode Island": "#15213b",
  "Rice": "#173a79",
  "Richmond": "#d41041",
  "Rider": "#ba2440",
  "Rutgers": "#e51635",
  "SFA": "#fffffe",
  "SIUE": "#000000",
  "Sacramento St.": "#ffffff",
  "Sacred Heart": "#ce0f3e",
  "Saint Joseph's": "#000000",
  "Saint Louis": "#ffffff",
  "Saint Mary's (CA)": "#0b335e",
  "Saint Peter's": "#21375c",
  "Sam Houston": "#df502a",
  "Samford": "#c9d0d2",
  "San Diego": "#ffffff",
  "San Diego St.": "#231f20",
  "San Francisco": "#fab41d",
  "San Jose St.": "#ffba07",
  "Santa Clara": "#751d35",
  "Seattle U": "#181717",
  "Seton Hall": "#1a5dad",
  "Siena": "#006549",
  "South Alabama": "#ffffff",
  "South Carolina": "#7f0006",
  "South Dakota St.": "#0030ae",
  "South Fla.": "#136247",
  "Southeast Mo. St.": "#000000",
  "Southeastern La.": "#14592f",
  "Southern California": "#b01930",
  "Southern Ill.": "#73253e",
  "Southern Miss.": "#211d1d",
  "Southern U.": "#61aee1",
  "St Thomas MN": "#53237a",
  "St. Bonaventure": "#503629",
  "St. John's (NY)": "#d41041",
  "St. Thomas (MN)": "#53237a",
  "Stanford": "#8a191d",
  "Stetson": "#1e513d",
  "Stony Brook": "#16243e",
  "TCU": "#5e298d",
  "Tarleton St.": "#fefefe",
  "Tennessee": "#ff8200",
  "Tennessee Tech": "#5b3ca4",
  "Texas": "#c05831",
  "Texas A&M": "#580000",
  "Texas Southern": "#ffffff",
  "Texas St.": "#5a262e",
  "Texas Tech": "#231f20",
  "The Citadel": "#77a5c3",
  "Toledo": "#fddc04",
  "Towson": "#231f20",
  "Troy": "#ffffff",
  "Tulane": "#000000",
  "UAB": "#231f20",
  "UAlbany": "#491074",
  "UC Davis": "#15233c",
  "UC Irvine": "#16243a",
  "UC Riverside": "#1e437b",
  "UC San Diego": "#192847",
  "UC Santa Barbara": "#2a5499",
  "UCF": "#aea057",
  "UCLA": "#0074df",
  "UConn": "#000e32",
  "UIC": "#001e61",
  "UIW": "#d12636",
  "ULM": "#8a2432",
  "UMBC": "#1a1919",
  "UMES": "#6d1a32",
  "UMass Lowell": "#1a64b7",
  "UNC Asheville": "#231f20",
  "UNC Greensboro": "#122348",
  "UNCW": "#1f2954",
  "UNLV": "#231f20",
  "USC Upstate": "#008445",
  "UT Arlington": "#ffffff",
  "UT Martin": "#0c2950",
  "UTRGV": "#ffffff",
  "UTSA": "#0a2240",
  "Utah": "#d42331",
  "Utah Tech": "#003058",
  "Utah Valley": "#275935",
  "VCU": "#ffffff",
  "VMI": "#db1e26",
  "Valparaiso": "#fffffe",
  "Vanderbilt": "#c5a96e",
  "Villanova": "#001f5b",
  "Virginia": "#232d4b",
  "Virginia Tech": "#ba0031",
  "Wagner": "#00483a",
  "Wake Forest": "#d0b787",
  "Washington": "#33006f",
  "Washington St.": "#a80c30",
  "West Virginia": "#0f2d52",
  "Western Caro.": "#623292",
  "Western Ill.": "#59327e",
  "Western Ky.": "#d5062b",
  "Western Mich.": "#511b00",
  "Wichita St.": "#ffd500",
  "William & Mary": "#095540",
  "Winthrop": "#ffffff",
  "Wofford": "#000000",
  "Wright St.": "#231f20",
  "Xavier": "#16243a",
  "Yale": "#111c2c",
  "Youngstown St.": "#e51636"
}